Date,Open,High,Low,Close,Volume,Adj Close,,,,,,,,,
18-Oct-12,"3,097.77","3,102.56","3,065.24","3,072.87","2,043,290,000","3,072.87",,,,,,,,,
17-Oct-12,"3,091.38","3,112.45","3,088.05","3,104.12","1,770,920,000","3,104.12",,,,,,,,,
16-Oct-12,"3,073.21","3,102.97","3,070.25","3,101.17","1,736,930,000","3,101.17",,,,,,,,,
15-Oct-12,"3,053.21","3,066.31","3,037.27","3,064.18","1,563,440,000","3,064.18",,,,,,,,,
12-Oct-12,"3,049.08","3,061.77","3,039.58","3,044.11","1,524,840,000","3,044.11",,,,,,,,,
11-Oct-12,"3,075.89","3,078.08","3,047.14","3,049.41","1,595,020,000","3,049.41",,,,,,,,,
10-Oct-12,"3,066.25","3,071.57","3,046.78","3,051.78","1,788,970,000","3,051.78",,,,,,,,,
9-Oct-12,"3,108.01","3,108.01","3,062.52","3,065.02","1,645,740,000","3,065.02",,,,,,,,,
8-Oct-12,"3,121.33","3,125.49","3,107.57","3,112.35","1,186,260,000","3,112.35",,,,,,,,,
5-Oct-12,"3,161.21","3,171.46","3,130.76","3,136.19","1,607,940,000","3,136.19",,,,,,,,,
4-Oct-12,"3,142.38","3,153.48","3,132.56","3,149.46","1,585,190,000","3,149.46",,,,,,,,,
3-Oct-12,"3,130.85","3,142.36","3,115.04","3,135.23","1,704,050,000","3,135.23",,,,,,,,,
2-Oct-12,"3,127.73","3,131.64","3,101.64","3,120.04","1,609,570,000","3,120.04",,,,,,,,,
1-Oct-12,"3,130.31","3,146.99","3,103.89","3,113.53","1,758,170,000","3,113.53",,,,,,,,,
28-Sep-12,"3,125.31","3,132.51","3,109.91","3,116.23","1,864,640,000","3,116.23",,,,,,,,,
27-Sep-12,"3,105.87","3,142.02","3,098.46","3,136.60","1,691,800,000","3,136.60",,,,,,,,,
26-Sep-12,"3,113.40","3,114.54","3,080.28","3,093.70","1,738,010,000","3,093.70",,,,,,,,,
25-Sep-12,"3,170.37","3,176.30","3,117.73","3,117.73","1,975,470,000","3,117.73",,,,,,,,,
24-Sep-12,"3,155.35","3,167.74","3,150.71","3,160.78","1,704,860,000","3,160.78",,,,,,,,,
21-Sep-12,"3,194.86","3,196.93","3,178.09","3,179.96","2,526,250,000","3,179.96",,,,,,,,,
20-Sep-12,"3,166.84","3,178.45","3,156.46","3,175.96","1,809,130,000","3,175.96",,,,,,,,,
19-Sep-12,"3,179.04","3,189.35","3,170.29","3,182.62","1,850,920,000","3,182.62",,,,,,,,,
18-Sep-12,"3,173.62","3,179.37","3,169.41","3,177.80","1,707,200,000","3,177.80",,,,,,,,,
17-Sep-12,"3,183.40","3,183.40","3,168.63","3,178.67","1,485,390,000","3,178.67",,,,,,,,,
14-Sep-12,"3,166.24","3,195.67","3,164.26","3,183.95","1,984,720,000","3,183.95",,,,,,,,,
13-Sep-12,"3,117.66","3,167.63","3,112.62","3,155.83","1,870,050,000","3,155.83",,,,,,,,,
12-Sep-12,"3,115.33","3,120.12","3,098.82","3,114.31","1,689,140,000","3,114.31",,,,,,,,,
11-Sep-12,"3,105.02","3,117.86","3,099.10","3,104.53","1,586,250,000","3,104.53",,,,,,,,,
10-Sep-12,"3,131.34","3,133.89","3,102.76","3,104.02","1,575,370,000","3,104.02",,,,,,,,,
7-Sep-12,"3,133.22","3,139.61","3,128.17","3,136.42","1,740,640,000","3,136.42",,,,,,,,,
6-Sep-12,"3,087.94","3,135.81","3,087.67","3,135.81","1,918,900,000","3,135.81",,,,,,,,,
5-Sep-12,"3,072.58","3,082.75","3,062.54","3,069.27","1,495,030,000","3,069.27",,,,,,,,,
4-Sep-12,"3,063.25","3,082.26","3,040.24","3,075.06","1,505,960,000","3,075.06",,,,,,,,,
31-Aug-12,"3,069.64","3,078.52","3,040.59","3,066.96","1,394,760,000","3,066.96",,,,,,,,,
30-Aug-12,"3,066.73","3,067.54","3,045.92","3,048.71","1,216,640,000","3,048.71",,,,,,,,,
29-Aug-12,"3,078.05","3,087.24","3,067.62","3,081.19","1,282,900,000","3,081.19",,,,,,,,,
28-Aug-12,"3,069.40","3,083.19","3,063.65","3,077.14","1,364,740,000","3,077.14",,,,,,,,,
27-Aug-12,"3,083.62","3,085.81","3,068.13","3,073.19","1,383,530,000","3,073.19",,,,,,,,,
24-Aug-12,"3,045.22","3,076.80","3,042.22","3,069.79","1,349,740,000","3,069.79",,,,,,,,,
23-Aug-12,"3,065.82","3,070.34","3,045.52","3,053.40","1,383,860,000","3,053.40",,,,,,,,,
22-Aug-12,"3,059.94","3,080.73","3,053.43","3,073.67","1,459,130,000","3,073.67",,,,,,,,,
21-Aug-12,"3,085.25","3,100.54","3,058.74","3,067.26","1,574,220,000","3,067.26",,,,,,,,,
20-Aug-12,"3,072.66","3,076.21","3,059.90","3,076.21","1,451,550,000","3,076.21",,,,,,,,,
17-Aug-12,"3,067.11","3,076.72","3,060.15","3,076.59","1,640,640,000","3,076.59",,,,,,,,,
16-Aug-12,"3,037.18","3,067.44","3,033.28","3,062.39","1,937,430,000","3,062.39",,,,,,,,,
15-Aug-12,"3,013.33","3,032.06","3,013.33","3,030.93","1,536,730,000","3,030.93",,,,,,,,,
14-Aug-12,"3,032.67","3,034.16","3,009.93","3,016.98","1,567,830,000","3,016.98",,,,,,,,,
13-Aug-12,"3,018.27","3,023.03","2,999.12","3,022.52","1,353,380,000","3,022.52",,,,,,,,,
10-Aug-12,"3,008.83","3,020.86","3,003.38","3,020.86","1,556,460,000","3,020.86",,,,,,,,,
9-Aug-12,"3,009.86","3,022.69","3,007.30","3,018.64","1,677,970,000","3,018.64",,,,,,,,,
8-Aug-12,"3,003.77","3,018.90","3,002.41","3,011.25","1,874,580,000","3,011.25",,,,,,,,,
7-Aug-12,"3,002.66","3,028.61","3,002.09","3,015.86","1,899,240,000","3,015.86",,,,,,,,,
6-Aug-12,"2,978.16","3,000.24","2,974.23","2,989.91","1,528,260,000","2,989.91",,,,,,,,,
3-Aug-12,"2,951.28","2,977.41","2,945.81","2,967.90","1,730,210,000","2,967.90",,,,,,,,,
2-Aug-12,"2,900.46","2,934.65","2,890.85","2,909.77","1,822,620,000","2,909.77",,,,,,,,,
1-Aug-12,"2,956.72","2,958.28","2,917.78","2,920.21","1,722,530,000","2,920.21",,,,,,,,,
31-Jul-12,"2,945.08","2,959.62","2,938.41","2,939.52","1,801,440,000","2,939.52",,,,,,,,,
30-Jul-12,"2,959.07","2,970.30","2,939.04","2,945.84","1,483,990,000","2,945.84",,,,,,,,,
27-Jul-12,"2,906.50","2,961.87","2,900.98","2,958.09","2,102,610,000","2,958.09",,,,,,,,,
26-Jul-12,"2,896.68","2,905.57","2,876.01","2,893.25","1,981,520,000","2,893.25",,,,,,,,,
25-Jul-12,"2,856.78","2,870.22","2,839.76","2,854.24","1,784,150,000","2,854.24",,,,,,,,,
24-Jul-12,"2,894.95","2,896.56","2,847.22","2,862.99","1,748,410,000","2,862.99",,,,,,,,,
23-Jul-12,"2,877.51","2,898.05","2,852.88","2,890.15","1,607,140,000","2,890.15",,,,,,,,,
20-Jul-12,"2,957.02","2,957.02","2,925.30","2,925.30","1,810,420,000","2,925.30",,,,,,,,,
19-Jul-12,"2,961.71","2,976.22","2,952.42","2,965.90","1,735,920,000","2,965.90",,,,,,,,,
18-Jul-12,"2,904.24","2,951.30","2,902.95","2,942.60","1,817,040,000","2,942.60",,,,,,,,,
17-Jul-12,"2,911.46","2,916.61","2,871.65","2,910.04","1,774,160,000","2,910.04",,,,,,,,,
16-Jul-12,"2,903.03","2,910.20","2,888.01","2,896.94","1,414,470,000","2,896.94",,,,,,,,,
13-Jul-12,"2,874.06","2,913.28","2,873.39","2,908.47","1,373,620,000","2,908.47",,,,,,,,,
12-Jul-12,"2,867.08","2,876.32","2,837.72","2,866.19","1,719,460,000","2,866.19",,,,,,,,,
11-Jul-12,"2,898.77","2,905.51","2,866.53","2,887.98","1,635,120,000","2,887.98",,,,,,,,,
10-Jul-12,"2,945.35","2,953.47","2,891.42","2,902.33","1,725,730,000","2,902.33",,,,,,,,,
9-Jul-12,"2,934.49","2,942.99","2,919.04","2,931.77","1,455,500,000","2,931.77",,,,,,,,,
6-Jul-12,"2,955.20","2,957.50","2,921.37","2,937.33","1,437,420,000","2,937.33",,,,,,,,,
5-Jul-12,"2,970.37","2,987.94","2,958.30","2,976.12","1,423,990,000","2,976.12",,,,,,,,,
3-Jul-12,"2,950.81","2,976.08","2,948.40","2,976.08","1,009,330,000","2,976.08",,,,,,,,,
2-Jul-12,"2,938.41","2,951.23","2,925.71","2,951.23","1,845,240,000","2,951.23",,,,,,,,,
29-Jun-12,"2,902.44","2,935.13","2,895.60","2,935.05","2,021,190,000","2,935.05",,,,,,,,,
28-Jun-12,"2,853.89","2,855.74","2,818.19","2,849.49","1,795,850,000","2,849.49",,,,,,,,,
27-Jun-12,"2,862.13","2,882.40","2,860.13","2,875.32","1,668,580,000","2,875.32",,,,,,,,,
26-Jun-12,"2,845.40","2,862.15","2,832.02","2,854.06","1,623,160,000","2,854.06",,,,,,,,,
25-Jun-12,"2,863.89","2,863.89","2,829.23","2,836.16","1,514,430,000","2,836.16",,,,,,,,,
22-Jun-12,"2,866.17","2,894.35","2,863.93","2,892.42","3,544,010,000","2,892.42",,,,,,,,,
21-Jun-12,"2,929.15","2,930.93","2,857.10","2,859.09","1,822,200,000","2,859.09",,,,,,,,,
20-Jun-12,"2,932.96","2,942.28","2,910.00","2,930.45","1,563,080,000","2,930.45",,,,,,,,,
19-Jun-12,"2,909.87","2,940.23","2,908.45","2,929.76","1,835,480,000","2,929.76",,,,,,,,,
18-Jun-12,"2,872.49","2,903.03","2,853.86","2,895.33","1,586,190,000","2,895.33",,,,,,,,,
15-Jun-12,"2,839.40","2,874.38","2,837.94","2,872.80","2,020,100,000","2,872.80",,,,,,,,,
14-Jun-12,"2,820.63","2,842.31","2,807.55","2,836.33","1,633,370,000","2,836.33",,,,,,,,,
13-Jun-12,"2,838.12","2,853.17","2,810.59","2,818.61","1,602,080,000","2,818.61",,,,,,,,,
12-Jun-12,"2,815.84","2,843.67","2,802.38","2,843.07","1,594,310,000","2,843.07",,,,,,,,,
11-Jun-12,"2,882.49","2,882.96","2,806.90","2,809.73","1,480,220,000","2,809.73",,,,,,,,,
8-Jun-12,"2,823.82","2,860.94","2,814.80","2,858.42","1,390,260,000","2,858.42",,,,,,,,,
7-Jun-12,"2,872.05","2,873.59","2,827.82","2,831.02","1,655,370,000","2,831.02",,,,,,,,,
6-Jun-12,"2,796.23","2,844.72","2,796.23","2,844.72","1,761,050,000","2,844.72",,,,,,,,,
5-Jun-12,"2,749.35","2,781.97","2,749.34","2,778.11","1,625,600,000","2,778.11",,,,,,,,,
4-Jun-12,"2,747.61","2,769.93","2,726.68","2,760.01","1,755,750,000","2,760.01",,,,,,,,,
1-Jun-12,"2,810.13","2,810.13","2,747.24","2,747.48","1,966,370,000","2,747.48",,,,,,,,,
31-May-12,"2,837.37","2,842.43","2,801.96","2,827.34","2,180,130,000","2,827.34",,,,,,,,,
30-May-12,"2,847.27","2,847.27","2,825.64","2,837.36","1,671,040,000","2,837.36",,,,,,,,,
29-May-12,"2,853.27","2,882.83","2,846.68","2,870.99","221,430,000","2,870.99",,,,,,,,,
25-May-12,"12,530.74","12,533.12","12,421.53","12,454.83","930,000","12,454.83",,,,,,,,,
24-May-12,"12,491.91","12,539.59","12,419.63","12,529.75","1,268,100","12,529.75",,,,,,,,,
23-May-12,"12,501.52","12,508.30","12,311.56","12,496.15","1,521,900","12,496.15",,,,,,,,,
22-May-12,"12,505.38","12,575.96","12,447.33","12,502.81","1,336,500","12,502.81",,,,,,,,,
21-May-12,"12,369.15","12,508.11","12,367.72","12,504.48","1,421,100","12,504.48",,,,,,,,,
18-May-12,"12,443.02","12,492.97","12,336.76","12,369.38","2,407,200","12,369.38",,,,,,,,,
17-May-12,"12,598.32","12,611.42","12,440.52","12,442.49","1,474,300","12,442.49",,,,,,,,,
16-May-12,"12,617.32","12,722.63","12,597.34","12,598.55","1,431,300","12,598.55",,,,,,,,,
15-May-12,"12,695.05","12,758.43","12,608.16","12,632.00","1,560,600","12,632.00",,,,,,,,,
14-May-12,"12,818.49","12,818.86","12,661.48","12,695.35","1,431,900","12,695.35",,,,,,,,,
11-May-12,"12,851.79","12,918.01","12,779.28","12,820.60","1,483,700","12,820.60",,,,,,,,,
10-May-12,"12,831.58","12,931.71","12,820.30","12,855.04","1,516,500","12,855.04",,,,,,,,,
9-May-12,"12,921.81","12,921.81","12,748.48","12,835.06","1,474,600","12,835.06",,,,,,,,,
8-May-12,"13,000.73","13,000.73","12,810.39","12,932.09","1,386,200","12,932.09",,,,,,,,,
7-May-12,"13,035.85","13,049.09","12,970.00","13,008.53","1,100,800","13,008.53",,,,,,,,,
4-May-12,"13,204.62","13,205.00","13,022.34","13,038.27","1,137,900","13,038.27",,,,,,,,,
3-May-12,"13,267.59","13,284.09","13,175.64","13,206.59","1,020,900","13,206.59",,,,,,,,,
2-May-12,"13,278.11","13,278.11","13,192.21","13,268.57","1,007,700","13,268.57",,,,,,,,,
1-May-12,"13,214.16","13,338.66","13,174.65","13,279.32","1,234,000","13,279.32",,,,,,,,,
30-Apr-12,"13,228.31","13,228.76","13,176.01","13,213.63","1,278,700","13,213.63",,,,,,,,,
27-Apr-12,"13,204.70","13,266.68","13,192.21","13,228.31","1,108,500","13,228.31",,,,,,,,,
26-Apr-12,"13,090.11","13,227.82","13,075.96","13,204.62","1,075,700","13,204.62",,,,,,,,,
25-Apr-12,"12,997.69","13,105.70","12,993.60","13,090.72","1,352,600","13,090.72",,,,,,,,,
24-Apr-12,"12,927.77","13,050.30","12,926.49","13,001.56","1,341,100","13,001.56",,,,,,,,,
23-Apr-12,"13,028.20","13,028.20","12,845.58","12,927.17","1,393,700","12,927.17",,,,,,,,,
20-Apr-12,"12,964.48","13,082.54","12,964.25","13,029.26","2,120,800","13,029.26",,,,,,,,,
19-Apr-12,"13,028.73","13,080.20","12,896.82","12,964.10","1,398,100","12,964.10",,,,,,,,,
18-Apr-12,"13,114.56","13,114.56","13,027.49","13,032.75","1,135,200","13,032.75",,,,,,,,,
17-Apr-12,"12,921.79","13,131.36","12,921.79","13,115.54","1,153,200","13,115.54",,,,,,,,,
16-Apr-12,"12,850.88","12,986.77","12,850.80","12,921.41","1,209,900","12,921.41",,,,,,,,,
13-Apr-12,"12,986.20","12,986.35","12,845.28","12,849.59","1,409,900","12,849.59",,,,,,,,,
12-Apr-12,"12,806.45","12,986.96","12,806.30","12,986.58","1,197,800","12,986.58",,,,,,,,,
11-Apr-12,"12,716.92","12,844.82","12,716.92","12,805.39","1,252,100","12,805.39",,,,,,,,,
10-Apr-12,"12,929.44","12,929.59","12,710.56","12,715.93","1,592,900","12,715.93",,,,,,,,,
9-Apr-12,"13,057.57","13,057.72","12,903.78","12,929.59","1,055,800","12,929.59",,,,,,,,,
5-Apr-12,"13,067.18","13,088.11","13,012.46","13,060.14","1,095,300","13,060.14",,,,,,,,,
4-Apr-12,"13,198.19","13,198.19","13,020.86","13,074.75","1,250,000","13,074.75",,,,,,,,,
3-Apr-12,"13,258.96","13,265.36","13,131.21","13,199.55","1,239,800","13,199.55",,,,,,,,,
2-Apr-12,"13,211.36","13,297.11","13,153.69","13,264.49","1,087,900","13,264.49",,,,,,,,,
30-Mar-12,"13,147.94","13,224.49","13,147.78","13,212.04","1,711,900","13,212.04",,,,,,,,,
29-Mar-12,"13,125.99","13,151.57","13,032.67","13,145.82","1,362,500","13,145.82",,,,,,,,,
28-Mar-12,"13,195.39","13,212.64","13,069.26","13,126.21","1,415,400","13,126.21",,,,,,,,,
27-Mar-12,"13,242.09","13,264.98","13,194.33","13,197.73","1,292,800","13,197.73",,,,,,,,,
26-Mar-12,"13,082.62","13,243.86","13,082.39","13,241.63","1,220,800","13,241.63",,,,,,,,,
23-Mar-12,"13,045.99","13,099.91","13,002.77","13,080.73","1,299,300","13,080.73",,,,,,,,,
22-Mar-12,"13,124.40","13,124.47","13,017.42","13,046.14","1,220,600","13,046.14",,,,,,,,,
21-Mar-12,"13,170.79","13,190.02","13,112.93","13,124.62","1,248,600","13,124.62",,,,,,,,,
20-Mar-12,"13,238.45","13,238.45","13,123.38","13,170.19","1,316,600","13,170.19",,,,,,,,,
19-Mar-12,"13,231.94","13,269.71","13,208.63","13,239.13","1,471,200","13,239.13",,,,,,,,,
16-Mar-12,"13,253.51","13,289.08","13,231.45","13,232.62","3,926,200","13,232.62",,,,,,,,,
15-Mar-12,"13,192.97","13,253.51","13,170.19","13,252.76","1,616,500","13,252.76",,,,,,,,,
14-Mar-12,"13,177.15","13,221.27","13,166.25","13,194.10","1,636,100","13,194.10",,,,,,,,,
13-Mar-12,"12,953.20","13,180.40","12,953.13","13,177.68","1,631,300","13,177.68",,,,,,,,,
12-Mar-12,"12,920.58","12,976.36","12,919.98","12,959.71","1,000,000","12,959.71",,,,,,,,,
9-Mar-12,"12,908.62","12,968.79","12,906.43","12,922.02","1,032,400","12,922.02",,,,,,,,,
8-Mar-12,"12,835.53","12,937.19","12,835.53","12,907.94","1,035,300","12,907.94",,,,,,,,,
7-Mar-12,"12,756.12","12,857.73","12,751.51","12,837.33","1,751,100","12,837.33",,,,,,,,,
6-Mar-12,"12,958.65","12,958.73","12,734.86","12,759.15","1,423,300","12,759.15",,,,,,,,,
5-Mar-12,"12,977.34","12,977.34","12,883.91","12,962.81","1,086,300","12,962.81",,,,,,,,,
2-Mar-12,"12,980.75","12,997.51","12,927.77","12,977.57","939,000","12,977.57",,,,,,,,,
1-Mar-12,"12,952.29","13,032.67","12,943.06","12,980.30","1,396,700","12,980.30",,,,,,,,,
29-Feb-12,"13,005.42","13,055.75","12,929.66","12,952.07","1,824,600","12,952.07",,,,,,,,,
28-Feb-12,"12,976.74","13,021.51","12,952.82","13,005.12","1,144,900","13,005.12",,,,,,,,,
27-Feb-12,"12,981.13","13,027.52","12,882.59","12,981.51","1,435,300","12,981.51",,,,,,,,,
24-Feb-12,"12,981.20","13,013.82","12,950.59","12,982.95","894,400","12,982.95",,,,,,,,,
23-Feb-12,"12,937.08","12,996.08","12,882.67","12,984.69","1,204,800","12,984.69",,,,,,,,,
22-Feb-12,"12,966.22","12,977.91","12,914.83","12,938.67","1,242,000","12,938.67",,,,,,,,,
21-Feb-12,"12,949.34","13,005.04","12,926.11","12,965.69","1,647,800","12,965.69",,,,,,,,,
17-Feb-12,"12,903.33","12,967.92","12,903.25","12,949.87","2,346,500","12,949.87",,,,,,,,,
16-Feb-12,"12,779.81","12,914.00","12,779.58","12,904.08","1,344,500","12,904.08",,,,,,,,,
15-Feb-12,"12,864.65","12,899.47","12,753.62","12,780.95","1,275,600","12,780.95",,,,,,,,,
14-Feb-12,"12,871.77","12,878.88","12,786.93","12,878.28","1,200,500","12,878.28",,,,,,,,,
13-Feb-12,"12,799.11","12,887.93","12,799.11","12,874.04","1,122,400","12,874.04",,,,,,,,,
10-Feb-12,"12,889.55","12,889.63","12,743.56","12,801.23","1,236,200","12,801.23",,,,,,,,,
9-Feb-12,"12,884.41","12,924.71","12,846.41","12,890.46","1,570,800","12,890.46",,,,,,,,,
8-Feb-12,"12,865.79","12,893.64","12,817.69","12,883.95","1,382,500","12,883.95",,,,,,,,,
7-Feb-12,"12,844.37","12,903.71","12,782.57","12,878.20","1,161,500","12,878.20",,,,,,,,,
6-Feb-12,"12,860.72","12,860.79","12,793.43","12,845.13","1,080,400","12,845.13",,,,,,,,,
3-Feb-12,"12,705.04","12,869.95","12,704.96","12,862.23","1,428,400","12,862.23",,,,,,,,,
2-Feb-12,"12,716.54","12,741.89","12,676.05","12,705.41","1,143,600","12,705.41",,,,,,,,,
1-Feb-12,"12,632.76","12,784.62","12,632.76","12,716.46","1,435,000","12,716.46",,,,,,,,,
31-Jan-12,"12,654.78","12,720.10","12,567.33","12,632.91","1,680,700","12,632.91",,,,,,,,,
30-Jan-12,"12,659.17","12,659.32","12,529.41","12,653.72","1,304,300","12,653.72",,,,,,,,,
27-Jan-12,"12,733.95","12,733.95","12,630.72","12,660.46","1,644,100","12,660.46",,,,,,,,,
26-Jan-12,"12,756.96","12,841.95","12,695.16","12,734.63","1,308,400","12,734.63",,,,,,,,,
25-Jan-12,"12,673.63","12,778.26","12,580.12","12,758.85","1,354,300","12,758.85",,,,,,,,,
24-Jan-12,"12,708.37","12,708.52","12,613.54","12,675.75","1,254,200","12,675.75",,,,,,,,,
23-Jan-12,"12,720.25","12,764.49","12,665.83","12,708.82","1,498,600","12,708.82",,,,,,,,,
20-Jan-12,"12,623.83","12,720.48","12,620.76","12,720.48","2,551,100","12,720.48",,,,,,,,,
19-Jan-12,"12,578.19","12,625.80","12,563.58","12,623.98","1,480,300","12,623.98",,,,,,,,,
18-Jan-12,"12,474.69","12,582.28","12,453.20","12,578.95","1,541,700","12,578.95",,,,,,,,,
17-Jan-12,"12,423.12","12,573.65","12,423.12","12,482.07","1,486,700","12,482.07",,,,,,,,,
13-Jan-12,"12,469.96","12,470.12","12,311.79","12,422.06","1,614,700","12,422.06",,,,,,,,,
12-Jan-12,"12,449.91","12,483.70","12,385.08","12,471.02","1,282,300","12,471.02",,,,,,,,,
11-Jan-12,"12,459.52","12,462.58","12,399.01","12,449.45","1,302,600","12,449.45",,,,,,,,,
10-Jan-12,"12,394.51","12,514.69","12,394.51","12,462.47","1,412,300","12,462.47",,,,,,,,,
9-Jan-12,"12,359.31","12,409.08","12,333.85","12,392.69","1,222,000","12,392.69",,,,,,,,,
6-Jan-12,"12,407.45","12,415.24","12,332.41","12,359.92","1,311,200","12,359.92",,,,,,,,,
5-Jan-12,"2,642.57","2,673.56","2,631.23","2,669.86","1,836,410,000","2,669.86",,,,,,,,,
4-Jan-12,"2,639.90","2,653.18","2,627.23","2,648.36","1,670,530,000","2,648.36",,,,,,,,,
3-Jan-12,"2,657.39","2,665.90","2,641.98","2,648.72","1,636,850,000","2,648.72",,,,,,,,,
30-Dec-11,"2,610.23","2,616.46","2,604.60","2,605.15","1,056,790,000","2,605.15",,,,,,,,,
29-Dec-11,"2,596.33","2,614.87","2,593.04","2,613.74","1,011,380,000","2,613.74",,,,,,,,,
28-Dec-11,"2,626.19","2,626.34","2,586.85","2,589.98","1,069,930,000","2,589.98",,,,,,,,,
27-Dec-11,"2,613.51","2,633.34","2,610.77","2,625.20","945,590,000","2,625.20",,,,,,,,,
23-Dec-11,"2,607.43","2,618.84","2,599.89","2,618.64","960,940,000","2,618.64",,,,,,,,,
22-Dec-11,"2,584.33","2,601.99","2,581.92","2,599.45","1,515,610,000","2,599.45",,,,,,,,,
21-Dec-11,"2,589.77","2,590.61","2,544.66","2,577.97","1,853,710,000","2,577.97",,,,,,,,,
20-Dec-11,"2,567.25","2,604.52","2,566.87","2,603.73","1,835,720,000","2,603.73",,,,,,,,,
19-Dec-11,"2,564.07","2,570.65","2,518.01","2,523.14","1,560,110,000","2,523.14",,,,,,,,,
16-Dec-11,"2,554.62","2,585.42","2,548.00","2,555.33","2,664,690,000","2,555.33",,,,,,,,,
15-Dec-11,"2,565.93","2,565.94","2,536.58","2,541.01","1,748,400,000","2,541.01",,,,,,,,,
14-Dec-11,"2,566.21","2,568.44","2,525.88","2,539.31","1,793,960,000","2,539.31",,,,,,,,,
13-Dec-11,"2,629.67","2,639.74","2,568.44","2,579.27","1,752,320,000","2,579.27",,,,,,,,,
12-Dec-11,"2,617.32","2,617.32","2,591.42","2,612.26","1,572,600,000","2,612.26",,,,,,,,,
9-Dec-11,"2,603.18","2,653.46","2,603.18","2,646.85","1,664,710,000","2,646.85",,,,,,,,,
8-Dec-11,"2,633.30","2,645.92","2,592.55","2,596.38","1,845,640,000","2,596.38",,,,,,,,,
7-Dec-11,"2,638.61","2,660.24","2,612.80","2,649.21","1,658,010,000","2,649.21",,,,,,,,,
6-Dec-11,"2,655.02","2,663.63","2,639.18","2,649.56","1,491,130,000","2,649.56",,,,,,,,,
5-Dec-11,"2,666.47","2,674.53","2,641.59","2,655.76","1,686,660,000","2,655.76",,,,,,,,,
2-Dec-11,"2,650.80","2,659.23","2,625.07","2,626.93","1,662,730,000","2,626.93",,,,,,,,,
1-Dec-11,"2,615.67","2,636.08","2,611.48","2,626.20","1,826,860,000","2,626.20",,,,,,,,,
30-Nov-11,"2,586.39","2,620.34","2,582.49","2,620.34","2,440,960,000","2,620.34",,,,,,,,,
29-Nov-11,"2,529.11","2,542.46","2,508.27","2,515.51","1,623,550,000","2,515.51",,,,,,,,,
28-Nov-11,"2,509.63","2,531.32","2,507.72","2,527.34","1,626,060,000","2,527.34",,,,,,,,,
25-Nov-11,"2,453.03","2,477.03","2,441.48","2,441.51","691,750,000","2,441.51",,,,,,,,,
23-Nov-11,"2,501.18","2,503.38","2,460.08","2,460.08","1,707,770,000","2,460.08",,,,,,,,,
22-Nov-11,"2,517.64","2,534.40","2,499.19","2,521.28","1,792,060,000","2,521.28",,,,,,,,,
21-Nov-11,"2,535.34","2,539.87","2,500.89","2,523.14","2,048,520,000","2,523.14",,,,,,,,,
18-Nov-11,"2,595.02","2,595.84","2,567.15","2,572.50","1,755,360,000","2,572.50",,,,,,,,,
17-Nov-11,"2,637.37","2,637.48","2,576.22","2,587.99","2,197,320,000","2,587.99",,,,,,,,,
16-Nov-11,"2,661.09","2,688.86","2,637.91","2,639.61","1,950,030,000","2,639.61",,,,,,,,,
15-Nov-11,"2,647.91","2,695.87","2,644.00","2,686.20","1,706,960,000","2,686.20",,,,,,,,,
14-Nov-11,"2,671.11","2,682.13","2,647.48","2,657.22","1,401,710,000","2,657.22",,,,,,,,,
11-Nov-11,"2,653.53","2,684.67","2,649.85","2,678.75","1,602,640,000","2,678.75",,,,,,,,,
10-Nov-11,"2,652.01","2,652.40","2,601.79","2,625.15","1,892,390,000","2,625.15",,,,,,,,,
9-Nov-11,"2,662.56","2,672.34","2,617.93","2,621.65","2,144,160,000","2,621.65",,,,,,,,,
8-Nov-11,"2,712.08","2,730.39","2,680.93","2,727.49","1,850,270,000","2,727.49",,,,,,,,,
7-Nov-11,"2,683.38","2,697.02","2,649.06","2,695.25","1,712,700,000","2,695.25",,,,,,,,,
4-Nov-11,"2,678.16","2,693.67","2,655.12","2,686.15","1,930,750,000","2,686.15",,,,,,,,,
3-Nov-11,"2,666.21","2,699.84","2,628.22","2,697.97","2,106,240,000","2,697.97",,,,,,,,,
2-Nov-11,"2,637.56","2,648.46","2,613.74","2,639.98","1,921,790,000","2,639.98",,,,,,,,,
1-Nov-11,"2,607.31","2,638.60","2,597.16","2,606.96","2,294,220,000","2,606.96",,,,,,,,,
31-Oct-11,"2,705.89","2,716.70","2,684.13","2,684.41","1,772,560,000","2,684.41",,,,,,,,,
28-Oct-11,"2,724.03","2,742.27","2,723.03","2,737.15","1,838,530,000","2,737.15",,,,,,,,,
27-Oct-11,"2,720.59","2,753.37","2,694.27","2,738.63","2,810,680,000","2,738.63",,,,,,,,,
26-Oct-11,"2,660.42","2,666.29","2,598.74","2,650.67","2,118,650,000","2,650.67",,,,,,,,,
25-Oct-11,"2,685.86","2,685.88","2,633.94","2,638.42","1,777,770,000","2,638.42",,,,,,,,,
24-Oct-11,"2,644.83","2,703.07","2,643.94","2,699.44","1,884,450,000","2,699.44",,,,,,,,,
21-Oct-11,"2,630.30","2,646.92","2,611.11","2,637.46","2,019,950,000","2,637.46",,,,,,,,,
20-Oct-11,"2,605.42","2,606.39","2,557.17","2,598.62","2,040,180,000","2,598.62",,,,,,,,,
19-Oct-11,"2,642.89","2,651.88","2,597.77","2,604.04","1,980,180,000","2,604.04",,,,,,,,,
18-Oct-11,"2,614.05","2,667.57","2,586.31","2,657.43","1,931,690,000","2,657.43",,,,,,,,,
17-Oct-11,"2,653.32","2,658.25","2,606.91","2,614.92","1,675,210,000","2,614.92",,,,,,,,,
14-Oct-11,"2,655.23","2,667.85","2,636.00","2,667.85","1,664,350,000","2,667.85",,,,,,,,,
13-Oct-11,"2,595.05","2,625.22","2,588.71","2,620.24","1,675,220,000","2,620.24",,,,,,,,,
12-Oct-11,"2,606.61","2,629.49","2,602.31","2,604.73","1,967,190,000","2,604.73",,,,,,,,,
11-Oct-11,"2,554.70","2,587.28","2,551.94","2,583.03","1,661,400,000","2,583.03",,,,,,,,,
10-Oct-11,"2,522.72","2,566.05","2,519.78","2,566.05","1,574,750,000","2,566.05",,,,,,,,,
7-Oct-11,"2,509.61","2,512.14","2,468.60","2,479.35","2,084,900,000","2,479.35",,,,,,,,,
6-Oct-11,"2,459.05","2,507.44","2,446.72","2,506.82","2,249,140,000","2,506.82",,,,,,,,,
5-Oct-11,"2,398.37","2,466.50","2,380.96","2,460.51","2,472,400,000","2,460.51",,,,,,,,,
4-Oct-11,"2,312.68","2,406.67","2,298.89","2,404.82","3,040,940,000","2,404.82",,,,,,,,,
3-Oct-11,"2,401.19","2,430.88","2,335.23","2,335.83","2,547,690,000","2,335.83",,,,,,,,,
30-Sep-11,"2,444.77","2,468.98","2,415.07","2,415.40","2,041,370,000","2,415.40",,,,,,,,,
29-Sep-11,"2,535.52","2,538.97","2,433.58","2,480.76","2,290,370,000","2,480.76",,,,,,,,,
28-Sep-11,"2,557.86","2,569.79","2,491.07","2,491.58","1,929,310,000","2,491.58",,,,,,,,,
27-Sep-11,"2,560.78","2,590.94","2,532.65","2,546.83","2,095,620,000","2,546.83",,,,,,,,,
26-Sep-11,"2,496.98","2,518.91","2,446.12","2,516.69","1,982,710,000","2,516.69",,,,,,,,,
23-Sep-11,"2,438.63","2,490.72","2,438.28","2,483.23","1,975,200,000","2,483.23",,,,,,,,,
22-Sep-11,"2,466.06","2,494.31","2,420.23","2,455.67","2,919,330,000","2,455.67",,,,,,,,,
21-Sep-11,"2,601.06","2,613.29","2,537.46","2,538.19","2,172,030,000","2,538.19",,,,,,,,,
20-Sep-11,"2,623.89","2,643.37","2,589.52","2,590.24","1,914,990,000","2,590.24",,,,,,,,,
19-Sep-11,"2,584.35","2,627.34","2,564.46","2,612.83","1,891,770,000","2,612.83",,,,,,,,,
16-Sep-11,"2,607.12","2,627.28","2,600.96","2,622.31","2,703,730,000","2,622.31",,,,,,,,,
15-Sep-11,"2,595.45","2,608.95","2,569.78","2,607.07","1,967,730,000","2,607.07",,,,,,,,,
14-Sep-11,"2,548.45","2,600.78","2,519.80","2,572.55","2,323,770,000","2,572.55",,,,,,,,,
13-Sep-11,"2,502.59","2,537.40","2,494.07","2,532.15","1,931,390,000","2,532.15",,,,,,,,,
12-Sep-11,"2,442.86","2,495.36","2,438.40","2,495.09","1,980,350,000","2,495.09",,,,,,,,,
9-Sep-11,"2,508.12","2,518.40","2,452.93","2,467.99","2,054,190,000","2,467.99",,,,,,,,,
8-Sep-11,"2,533.81","2,568.45","2,520.80","2,529.14","1,979,990,000","2,529.14",,,,,,,,,
7-Sep-11,"2,511.50","2,548.94","2,507.52","2,548.94","1,791,480,000","2,548.94",,,,,,,,,
6-Sep-11,"2,417.61","2,477.77","2,414.31","2,473.83","1,737,170,000","2,473.83",,,,,,,,,
2-Sep-11,"2,497.28","2,512.78","2,469.35","2,480.33","1,571,530,000","2,480.33",,,,,,,,,
1-Sep-11,"2,583.34","2,604.50","2,543.56","2,546.04","1,742,440,000","2,546.04",,,,,,,,,
31-Aug-11,"2,589.75","2,611.58","2,557.74","2,579.46","1,995,490,000","2,579.46",,,,,,,,,
30-Aug-11,"2,547.07","2,589.53","2,534.68","2,576.11","1,871,800,000","2,576.11",,,,,,,,,
29-Aug-11,"2,510.99","2,562.58","2,510.13","2,562.11","1,615,510,000","2,562.11",,,,,,,,,
26-Aug-11,"2,408.79","2,486.04","2,385.27","2,479.85","1,852,130,000","2,479.85",,,,,,,,,
25-Aug-11,"2,470.96","2,482.90","2,415.24","2,419.63","1,789,230,000","2,419.63",,,,,,,,,
24-Aug-11,"2,437.48","2,470.80","2,420.48","2,467.69","1,888,640,000","2,467.69",,,,,,,,,
23-Aug-11,"2,360.95","2,446.06","2,349.08","2,446.06","2,147,270,000","2,446.06",,,,,,,,,
22-Aug-11,"2,396.88","2,397.34","2,337.28","2,345.38","1,957,230,000","2,345.38",,,,,,,,,
19-Aug-11,"2,353.32","2,415.18","2,338.66","2,341.84","2,385,300,000","2,341.84",,,,,,,,,
18-Aug-11,"2,436.38","2,437.01","2,362.97","2,380.43","2,775,580,000","2,380.43",,,,,,,,,
17-Aug-11,"2,527.79","2,549.11","2,488.09","2,511.48","1,913,320,000","2,511.48",,,,,,,,,
16-Aug-11,"2,526.48","2,546.74","2,494.55","2,523.45","2,074,370,000","2,523.45",,,,,,,,,
15-Aug-11,"2,522.04","2,555.20","2,514.52","2,555.20","1,945,850,000","2,555.20",,,,,,,,,
12-Aug-11,"2,507.01","2,524.09","2,481.50","2,507.98","2,232,470,000","2,507.98",,,,,,,,,
11-Aug-11,"2,415.54","2,516.39","2,399.56","2,492.68","3,134,140,000","2,492.68",,,,,,,,,
10-Aug-11,"2,425.55","2,461.28","2,378.08","2,381.05","3,397,010,000","2,381.05",,,,,,,,,
9-Aug-11,"2,402.13","2,483.66","2,331.65","2,482.52","3,803,050,000","2,482.52",,,,,,,,,
8-Aug-11,"2,447.30","2,489.39","2,357.69","2,357.69","3,987,990,000","2,357.69",,,,,,,,,
5-Aug-11,"2,580.30","2,592.04","2,464.87","2,532.41","3,750,150,000","2,532.41",,,,,,,,,
4-Aug-11,"2,648.38","2,653.79","2,556.38","2,556.39","3,272,990,000","2,556.39",,,,,,,,,
3-Aug-11,"2,673.97","2,695.37","2,621.67","2,693.07","2,601,310,000","2,693.07",,,,,,,,,
2-Aug-11,"2,728.29","2,745.87","2,668.68","2,669.24","2,377,250,000","2,669.24",,,,,,,,,
1-Aug-11,"2,791.45","2,796.24","2,716.30","2,744.61","2,209,790,000","2,744.61",,,,,,,,,
29-Jul-11,"2,736.67","2,780.58","2,724.99","2,756.38","2,301,210,000","2,756.38",,,,,,,,,
28-Jul-11,"2,765.61","2,800.11","2,757.85","2,766.25","2,067,020,000","2,766.25",,,,,,,,,
27-Jul-11,"2,823.62","2,823.86","2,761.00","2,764.79","2,367,470,000","2,764.79",,,,,,,,,
26-Jul-11,"2,842.74","2,851.72","2,832.27","2,839.96","1,739,980,000","2,839.96",,,,,,,,,
25-Jul-11,"2,832.11","2,859.40","2,828.91","2,842.80","1,613,240,000","2,842.80",,,,,,,,,
22-Jul-11,"2,834.46","2,862.72","2,830.58","2,858.83","1,665,220,000","2,858.83",,,,,,,,,
21-Jul-11,"2,818.79","2,847.41","2,807.71","2,834.43","2,284,150,000","2,834.43",,,,,,,,,
20-Jul-11,"2,839.39","2,839.65","2,808.18","2,814.23","1,863,670,000","2,814.23",,,,,,,,,
19-Jul-11,"2,790.98","2,828.65","2,790.98","2,826.52","1,882,760,000","2,826.52",,,,,,,,,
18-Jul-11,"2,777.61","2,783.76","2,743.79","2,765.11","1,752,220,000","2,765.11",,,,,,,,,
15-Jul-11,"2,787.33","2,790.16","2,768.28","2,789.80","1,804,380,000","2,789.80",,,,,,,,,
14-Jul-11,"2,804.82","2,817.38","2,755.90","2,762.67","1,946,500,000","2,762.67",,,,,,,,,
13-Jul-11,"2,800.88","2,825.86","2,789.57","2,796.92","1,885,510,000","2,796.92",,,,,,,,,
12-Jul-11,"2,798.75","2,807.57","2,780.16","2,781.91","2,015,410,000","2,781.91",,,,,,,,,
11-Jul-11,"2,828.10","2,841.12","2,795.54","2,802.62","1,765,920,000","2,802.62",,,,,,,,,
8-Jul-11,"2,841.29","2,860.02","2,831.16","2,859.81","1,612,120,000","2,859.81",,,,,,,,,
7-Jul-11,"2,856.25","2,878.94","2,853.90","2,872.66","1,873,710,000","2,872.66",,,,,,,,,
6-Jul-11,"2,821.42","2,838.85","2,812.80","2,834.02","1,639,490,000","2,834.02",,,,,,,,,
5-Jul-11,"2,817.87","2,828.53","2,810.00","2,825.77","1,556,620,000","2,825.77",,,,,,,,,
1-Jul-11,"2,775.08","2,818.19","2,769.06","2,816.03","1,646,380,000","2,816.03",,,,,,,,,
30-Jun-11,"2,749.37","2,776.56","2,749.11","2,773.52","1,859,130,000","2,773.52",,,,,,,,,
29-Jun-11,"2,736.76","2,746.62","2,722.26","2,740.49","1,804,490,000","2,740.49",,,,,,,,,
28-Jun-11,"2,694.26","2,729.94","2,692.45","2,729.31","1,682,590,000","2,729.31",,,,,,,,,
27-Jun-11,"2,653.07","2,697.34","2,647.55","2,688.28","1,710,740,000","2,688.28",,,,,,,,,
24-Jun-11,"2,681.10","2,682.41","2,647.46","2,652.89","2,842,870,000","2,652.89",,,,,,,,,
23-Jun-11,"2,638.60","2,688.07","2,627.47","2,686.75","2,060,450,000","2,686.75",,,,,,,,,
22-Jun-11,"2,677.18","2,693.23","2,668.35","2,669.19","1,617,370,000","2,669.19",,,,,,,,,
21-Jun-11,"2,640.33","2,688.50","2,634.04","2,687.26","1,882,490,000","2,687.26",,,,,,,,,
20-Jun-11,"2,608.05","2,636.55","2,607.74","2,629.66","1,625,850,000","2,629.66",,,,,,,,,
17-Jun-11,"2,646.29","2,648.54","2,608.99","2,616.48","2,393,690,000","2,616.48",,,,,,,,,
16-Jun-11,"2,631.98","2,642.65","2,599.86","2,623.70","1,958,250,000","2,623.70",,,,,,,,,
15-Jun-11,"2,653.17","2,669.75","2,625.86","2,631.46","1,982,430,000","2,631.46",,,,,,,,,
14-Jun-11,"2,662.73","2,685.65","2,662.73","2,678.72","1,701,300,000","2,678.72",,,,,,,,,
13-Jun-11,"2,649.30","2,657.77","2,629.61","2,639.69","1,847,050,000","2,639.69",,,,,,,,,
10-Jun-11,"2,675.10","2,676.72","2,641.64","2,643.73","1,972,000,000","2,643.73",,,,,,,,,
9-Jun-11,"2,678.52","2,696.69","2,670.02","2,684.87","1,704,960,000","2,684.87",,,,,,,,,
8-Jun-11,"2,693.69","2,698.08","2,671.09","2,675.38","2,089,320,000","2,675.38",,,,,,,,,
7-Jun-11,"2,712.79","2,723.32","2,701.17","2,701.56","1,847,300,000","2,701.56",,,,,,,,,
6-Jun-11,"2,728.31","2,736.66","2,702.20","2,702.56","1,878,150,000","2,702.56",,,,,,,,,
3-Jun-11,"2,740.49","2,762.56","2,730.63","2,732.78","1,936,400,000","2,732.78",,,,,,,,,
2-Jun-11,"2,773.76","2,784.57","2,759.17","2,773.31","1,919,030,000","2,773.31",,,,,,,,,
1-Jun-11,"2,829.39","2,834.05","2,767.63","2,769.19","2,254,850,000","2,769.19",,,,,,,,,
31-May-11,"2,824.25","2,835.34","2,808.60","2,835.30","2,450,090,000","2,835.30",,,,,,,,,
